{
  "pages": [
    "pages/index/main",
    "pages/button/main",
    "pages/list/main",
    "pages/input/main",  
    "pages/slider/main",
    "pages/uploader/main",

    "pages/article/main",
    "pages/badge/main",
    "pages/flex/main",
    "pages/footer/main",
    "pages/gallery/main",
    "pages/grid/main",
    "pages/icons/main",
    "pages/loadmore/main",
    "pages/panel/main",
    "pages/preview/main",
    "pages/progress/main",
    "pages/swiper/main",

    "pages/actionsheet/main",
    "pages/dialog/main",
    "pages/msg/main",
    "pages/msg-fail/main",
    "pages/msg-success/main",
    "pages/picker/main",
    "pages/mulLinkagePicker/main",
    "pages/toast/main",
    "pages/navbar/main",
    "pages/tabbar/main",

    "pages/searchbar/main",

    "pages/request/main",
    "pages/vuex/main",
    "pages/vuexPage/main",
    "pages/rate/main",

    "pages/test/main",
    "pages/componentsTest/main"

  ],
  "window": {
    "backgroundTextStyle": "light",
    "navigationBarBackgroundColor": "#fff",
    "navigationBarTitleText": "weui for mpvue",
    "navigationBarTextStyle": "black"
  }
}